URL;Aantal unieke paginaweergaves;;;;
/methylfenidaat;232.775;;;;
/oxazepam;229.497;;;;
/macrogol;225.024;;;;
/amoxicilline;218.234;;;;
/naproxen;190.498;;;;
/ibuprofen;185.681;;;;
/diclofenac;180.738;;;;
/pregabaline;178.504;;;;
/oxycodon;175.083;;;;
/omeprazol;171.573;;;;
/tramadol;171.071;;;;
/citalopram;161.895;;;;
/nitrofurantoine;161.057;;;;
/paracetamol;157.657;;;;
/amitriptyline;153.589;;;;
/quetiapine;149.480;;;;
/miconazol-op-de-huid;148.634;;;;
/metoprolol;146.133;;;;
/acetylcysteine;141.725;;;;
/sertraline;137.934;;;;
/codeine;137.610;;;;
/pantoprazol;137.128;;;;
/semaglutide;136.353;;;;
/verzachtende-en-beschermende-creme-of-zalf;132.930;;;;
/prednison;132.893;;;;
/fusidinezuur-op-de-huid;132.078;;;;
/flucloxacilline;131.338;;;;
/doxycycline;126.993;;;;
/cetirizine;117.592;;;;
/desloratadine;115.717;;;;
/escitalopram;113.382;;;;
/terbinafine-tabletten;107.812;;;;
/fluticason-in-de-neus;107.722;;;;
/amoxicilline-met-clavulaanzuur;107.478;;;;
/lorazepam;106.712;;;;
/temazepam;106.262;;;;
/amlodipine;106.078;;;;
/dexamethason;105.933;;;;
/levothyroxine;105.136;;;;
/salbutamol-inhalatie;103.509;;;;
/sildenafil;102.781;;;;
/ferrofumaraat;101.807;;;;
/psylliumvezels;101.290;;;;
/dexamfetamine;101.037;;;;
/bupropion;100.057;;;;
/kunsttranen;96.886;;;;
/testosteron;96.484;;;;
/fentanyl;96.190;;;;
/loperamide;95.822;;;;
/zolpidem;95.802;;;;
/metronidazol;94.897;;;;
/metformine;94.100;;;;
/diazepam;93.359;;;;
/triamcinolonacetonide-op-de-huid;92.645;;;;
/noscapine;92.510;;;;
/azitromycine;89.592;;;;
/ciprofloxacine;89.142;;;;
/vitamine-d;88.234;;;;
/prednisolon;87.772;;;;
/ors;84.976;;;;
/fluconazol;84.496;;;;
/melatonine;83.732;;;;
/isotretinoine;83.697;;;;
/atorvastatine;83.536;;;;
/mebendazol;81.233;;;;
/estradiol-op-de-huid;80.199;;;;
/insuline;79.739;;;;
/ivermectine-om-in-te-nemen;79.345;;;;
/propranolol;78.403;;;;
/nortriptyline;78.020;;;;
/xylometazoline-voor-de-neus;77.994;;;;
/clobetasol-op-de-huid;77.640;;;;
/progesteron;74.568;;;;
/zinkoxide-op-de-huid;74.477;;;;
/foliumzuur;73.877;;;;
/ketoconazol-voor-op-de-hoofdhuid;73.547;;;;
/venlafaxine;72.905;;;;
/zopiclon;72.478;;;;
/fluoxetine;70.173;;;;
/morfine;69.646;;;;
/bisacodyl;69.147;;;;
/mometason-neusspray;69.021;;;;
/acetylsalicylzuur-als-antistollingsmiddel;68.399;;;;
/olanzapine;68.101;;;;
/hydrochloorthiazide;67.087;;;;
/risperidon;67.054;;;;
/mirtazapine;66.800;;;;
/apixaban;66.092;;;;
/metoclopramide;65.848;;;;
/rosuvastatine;64.037;;;;
/tamsulosine;63.468;;;;
/sumatriptan;63.359;;;;
/clopidogrel;63.335;;;;
/simvastatine;61.455;;;;
/furosemide;61.343;;;;
/midazolam;60.841;;;;
/aripiprazol;59.594;;;;
/paroxetine;59.293;;;;
/lidocaine-op-de-huid;58.216;;;;
/fosfomycine;57.837;;;;
/valproinezuur;57.615;;;;
/etoricoxib;57.465;;;;
/norethisteron;56.722;;;;
/methotrexaat-bij-ontstekingsziekten;56.131;;;;
/alprazolam;55.368;;;;
/levocetirizine;54.930;;;;
/rivaroxaban;54.551;;;;
/levonorgestrel-spiraaltje;54.027;;;;
/ketoconazol-creme;53.954;;;;
/seleensulfide;53.846;;;;
/tadalafil;53.320;;;;
/terbinafine-op-de-huid;52.586;;;;
/haloperidol;52.430;;;;
/betamethason-op-de-huid;52.409;;;;
/broomhexine;51.972;;;;
/bisoprolol;51.901;;;;
/clotrimazol-in-de-vagina;51.680;;;;
/hydrocortisonacetaat-op-de-huid;50.703;;;;
/lisdexamfetamine;50.446;;;;
/gabapentine;50.143;;;;
/dapagliflozine;49.997;;;;
/duloxetine;49.669;;;;
/chloorhexidine-voor-op-de-huid;49.657;;;;
/tretinoine-op-de-huid;49.619;;;;
/mebeverine;49.207;;;;
/candesartan;48.983;;;;
/benzoylperoxide-op-de-huid;48.981;;;;
/diclofenac-op-de-huid;48.955;;;;
/clonazepam;48.435;;;;
/perindopril;48.393;;;;
/lidocaine-met-prilocaine-op-de-huid;48.005;;;;
/valaciclovir;47.907;;;;
/miconazol-in-de-mond;47.838;;;;
/adalimumab;47.650;;;;
/lisinopril;47.270;;;;
/losartan;47.227;;;;
/domperidon;47.141;;;;
/formoterol-met-beclometason-inhalatie;46.646;;;;
/valeriaan;46.314;;;;
/liraglutide;45.847;;;;
/estriol-in-de-vagina;45.103;;;;
/itraconazol;44.958;;;;
/tranexaminezuur;44.814;;;;
/carbamazepine;44.515;;;;
/hydrocortison;43.853;;;;
/minipil-met-desogestrel;43.519;;;;
/meclozine;42.846;;;;
/lithium;42.732;;;;
/levodopa-met-carbidopa;42.183;;;;
/esomeprazol;41.935;;;;
/algeldraat-met-magnesiumhydroxide;41.895;;;;
/minoxidil-op-de-huid;41.762;;;;
/promethazine;41.453;;;;
/chloorhexidine-voor-in-de-mond;41.228;;;;
/lactulose;40.956;;;;
/spironolacton;40.897;;;;
/enalapril;40.894;;;;
/paracetamol-met-coffeine;40.648;;;;
/nystatine;40.628;;;;
/empagliflozine;40.294;;;;
/clozapine;40.060;;;;
/cinnarizine;39.519;;;;
/finasteride;39.399;;;;
/clemastine;38.549;;;;
/solifenacine;38.422;;;;
/fexofenadine;37.504;;;;
/actieve-kool;37.283;;;;
/feneticilline;37.084;;;;
/permetrine-op-de-huid;36.847;;;;
/acetylsalicylzuur-bij-pijn-of-ontsteking;36.773;;;;
/cannabis;36.729;;;;
/loratadine;36.490;;;;
/waterstofperoxide-voor-in-de-mond;36.022;;;;
/levetiracetam;35.875;;;;
/metronidazol-op-de-huid;35.190;;;;
/mometason-op-de-huid;34.965;;;;
/trazodon;34.942;;;;
/lamotrigine;34.902;;;;
/hydroxocobalamine;34.869;;;;
/alendroninezuur;34.513;;;;
/nifedipine;34.395;;;;
/verapamil;34.315;;;;
/estradiol-met-dydrogesteron;34.290;;;;
/lidocaine-in-de-mond;34.216;;;;
/kunsttranen-zonder-conserveermiddel;34.090;;;;
/salicylzuur-bij-wratten-likdoorns-en-schimmelnagels;33.469;;;;
/celecoxib;33.012;;;;
/morning-afterpil-met-levonorgestrel;32.858;;;;
/isosorbidemononitraat;32.433;;;;
/chlooramfenicol-in-het-oog;32.267;;;;
/allopurinol;32.115;;;;
/magnesiumoxide;31.896;;;;
/clindamycine-om-in-te-nemen;31.867;;;;
/ureum-op-de-huid;31.752;;;;
/gliclazide;31.653;;;;
paracetamol-bij-kinderen;30.957;;;;
/colchicine;30.929;;;;
/ondansetron;30.830;;;;
/nadroparine;30.502;;;;
/fluticason-inhalatie;30.465;;;;
/metronidazol-in-de-vagina;30.123;;;;
/aciclovir-om-in-te-nemen;29.829;;;;
/digoxine;29.695;;;;
/baclofen;29.555;;;;
amoxicilline-bij-kinderen;29.362;;;;
/miconazol-met-hydrocortisonacetaat;29.280;;;;
/trimethoprim-met-sulfamethoxazol;28.842;;;;
/disulfiram;28.784;;;;
/mesalazine;28.713;;;;
/topiramaat;28.580;;;;
/letrozol;28.473;;;;
/miconazol-in-de-vagina;28.305;;;;
/ezetimib;28.184;;;;
/azijnzuur-in-het-oor;27.866;;;;
/nitroglycerine-voor-onder-de-tong;27.615;;;;
/buprenorfine;27.571;;;;
mebendazol-bij-kinderen;27.422;;;;
/adrenaline-injectie;27.167;;;;
/clindamycine-op-de-huid;26.571;;;;
/methylprednisolon;26.567;;;;
/adapaleen;26.493;;;;
/formoterol-met-budesonide-inhalatie;26.459;;;;
/bumetanide;26.198;;;;
/calciumcarbonaat-met-vitamine-d;26.037;;;;
/sotalol;25.738;;;;
/paracetamol-met-codeine;25.544;;;;
/fusidinezuur-in-het-oog;25.534;;;;
/claritromycine;25.518;;;;
/deet;25.448;;;;
/verkoelende-en-beschermende-zalf;25.410;;;;
/vitamine-b1;25.311;;;;
/ivermectine-op-de-huid;25.274;;;;
/zilversulfadiazine-voor-op-de-huid;25.216;;;;
/calciumcarbonaat;25.186;;;;
/infliximab;25.181;;;;
/estradiol-met-nomegestrol;25.078;;;;
/ichthammol-op-de-huid;25.034;;;;
/mirabegron;24.981;;;;
/clomipramine;24.795;;;;
/betahistine;24.642;;;;
/denosumab;24.574;;;;
/pipamperon;24.407;;;;
/estradiol-om-in-te-nemen;24.256;;;;
/pepermuntolie-om-in-te-nemen;24.061;;;;
/mupirocine;24.038;;;;
/beclometason-inhalatie;23.723;;;;
/clotrimazol-op-de-huid;23.476;;;;
/lynestrenol;23.408;;;;
/oxybutynine;23.406;;;;
/pramipexol;23.363;;;;
